,Android,Conservative,Libertarian,boardgames,hockey,neoliberal,politics,worldnews
0,wiki_2._we_welcome_discussion-promoting_posts_that_benefit_the_community.2c_and_not_the_individual ),'re saying,`` n't,'s still,'s great,'re talking,'s going,/r/worldnews ]
1,//www.reddit.com/r/android/wiki/rulesandregs wiki_2._we_welcome_discussion-promoting_posts_that_benefit_the_community.2c_and_not_the_individual,president trump,saying ``,blood rage,st. louis,n't need,fox news,whatconstitutesspam )
2,ebay ],illegal immigrants,would like,people n't,round pick,sounds like,could n't,http //www.reddit.com/r/help/comments/2bx3cj/reddit_101/
3,tracker ],like ``,gon na,'m looking,player 's,look like,fake news,//www.redditblog.com/2014/07/how-reddit-works.html )
4,client [,lot people,) n't,mage knight,'s way,n't believe,'' ``,pending manual
5,[ aosp,'s good,black people,deck building,nhl team,know 's,united states,self-promotion reddit
6,app recommendations,'s ``,gt 're,even though,top 4,lot people,donald trump,domain new
7,selling buying,first place,taxation theft,7 wonders,'' ``,n't say,'s like,minimum karma
8,might interested,'s right,'s ``,video games,n't going,n't matter,people n't,requirements /r/worldnews
9,google play,white supremacy,'re saying,games 've,pretty sure,'s going,let 's,account meet
10,google assistant,freedom speech,makes sense,arkham horror,red wings,'' 's,think 's,regarding spam
11,fingerprint scanner,something like,) [,played game,every time,income tax,n't want,reddit 101
12,even though,https //www.youtube.com/watch,gt 'm,n't see,'s also,minimum wage,n't get,manual approval
13,use phone,'re right,n't give,playing game,new arena,'re going,regarding removal,reddit guidelines
14,web browser,health care,'m going,really enjoy,team n't,people think,'m sure,may also
15,subreddit ],'s really,gt would,people play,n't play,global poor,white house,reddit suggest
16,submission removed,trump supporters,single payer,new games,4th line,first place,n't even,meet minimum
17,years ago,'re talking,`` '',new game,really n't,bernie 's,n't think,account age
18,seems like,north korea,'s really,games 's,win cup,bernie sanders,wo n't,'' ``
19,iphone 8,liberal media,sounds like,game really,white house,'ve seen,n't know,works ]
20,gon na,left 's,[ ],'s like,'s got,'s really,would n't,reddit works
21,'s still,'s pretty,ron paul,player count,nhl players,saying ``,( http,http //www.reddit.com/r/worldnews/wiki/rules
22,http //www.reddit.com/r/android/wiki/rulesandregs,saying ``,health insurance,2 player,make playoffs,) n't,see [,reddit ]
23,removed gt,free market,people like,every game,every year,black people,[ faq,karma account
24,//www.reddit.com/message/compose to=,people would,economic system,'m going,-- --,something like,faq ],also want
25,to= 2fr,obama 's,years ago,love game,two years,good thing,[ post,suggest read
26,2fr 2fandroid,things like,n't exist,make sure,'s one,'' n't,discussion ],n't make
27,feel like,'ve seen,gt gt,'s game,n't good,free market,) general,read [
28,think 's,civil rights,n't believe,'s one,top 10,really n't,) current,n't need
29,last year,gt n't,people want,feels like,got ta,democratic party,current research,kim jong
30,customer service,supreme court,everyone else,every time,know 's,poor people,research regarding,n't like
31,'s like,really n't,government 's,ticket ride,year old,gt n't,others attack,'s going
32,[ message,said ``,n't matter,player game,top 5,makes sense,subreddit [,korea would
33,device 's,even though,poor people,'ve seen,cap space,health care,rules please,) *i
34,home button,sounds like,even though,game 've,makes sense,'s pretty,permanent ban,us would
35,n't care,feel like,pretty much,game ),much better,n't actually,violation rules,china n't
36,n't see,gt 's,'re talking,game night,think 'll,n't care,result permanent,'m saying
37,iphone 7,n't say,things like,end game,2 years,climate change,*** *i,n't see
38,'' gt,white nationalists,seems like,really good,couple years,discussion thread,ideas users,could n't
39,message moderators,far left,nbsp amp,'ve got,'ve seen,middle class,shill troll,many people
40,http //www.reddit.com/message/compose,gon na,income tax,many games,something like,white people,https //www.reddit.com/r/politics/comments/6o1ipb/research_on_the_effect_downvotes_have_on_user/,hydrogen bomb
41,like appeal,right wing,amp nbsp,'s pretty,first round,'s also,ban see,north koreans
42,appeal please,national anthem,'re going,first game,would 've,say ``,users personal,rest world
43,moderators clicking,n't need,'' 's,n't even,could see,years ago,troll accusations,gon na
44,clicking link,illegal immigration,n't say,sounds like,let 's,people would,effect downvotes,[ wiki
45,phone n't,pretty much,could n't,game would,'d say,gt 's,speech incivility,( /message/compose/
46,n't like,n't matter,n't care,good game,best player,( (,incivility violations,n't mean
47,wiki page,'s going,first place,'' ``,guys like,many people,wiki_be_civil ),middle east
48,link ],republican party,government n't,n't play,year 's,'m going,accusations hate,cold war
49,gt [,'' n't,n't pay,) 's,top 6,) gt,https //www.reddit.com/r/politics/comments/6o1ipb/research_on_the_effect_downvotes_have_on_user/dkybt0h/,amp 039
50,much better,n't agree,'' n't,area control,even though,) 's,section may,people n't
51,gt rule,'re going,private sector,star wars,look like,foreign policy,disabled please,pretty much
52,see wiki,years ago,many people,never played,'s pretty,like ``,insults shill,please [
53,information. ],say ``,n't work,game like,n't mean,trump 's,report downvotes,n't get
54,gt information.,many people,price gouging,games (,n't like,n't make,courteous others,subreddit ]
55,page gt,white house,people would,'s good,'re going,people like,violations result,china russia
56,[ see,first amendment,health care,'s great,next year,high school,comments violation,[ contact
57,https //play.google.com/store/apps/details,n't believe,[ ^exclude,'ve never,like 's,'m saying,user civility,*i bot
58,etc ),'' 's,n't need,play games,'s really,people 's,( /r/politics/wiki/index,korea 's
59,please [,federal government,say ``,something like,'s still,'s good,downvotes user,n't really
60,n't need,people like,n't really,could n't,) gt,things like,regarding effect,action performed
61,samsung 's,climate change,'s like,like game,pretty good,n't understand,/r/politics/wiki/index wiki_be_civil,questions concerns
62,) would,trump n't,someone else,pretty much,'m saying,) ),questions ***,moderators subreddit
63,play store,'m saying,'m saying,'s also,really good,n't mean,may disabled,bot action
64,nexus 6p,people 's,n't understand,seems like,stanley cup,even though,civility questions,performed automatically
65,new phone,could n't,federal government,n't want,pretty much,could n't,//www.reddit.com/r/politics/comments/6o1ipb/research_on_the_effect_downvotes_have_on_user/dkybt0h/ ),automatically please
66,looks like,white supremacist,minimum wage,'s really,'s good,feel like,//www.reddit.com/r/politics/comments/6o1ipb/research_on_the_effect_downvotes_have_on_user/ ),) questions
67,[ ],n't understand,pay taxes,game play,one best,let 's,reminder subreddit,amp quot
68,could n't,seems like,united states,( http,n't make,seems like,general courteous,china would
69,android phones,'s like,-- --,really like,looks like,'s like,attack ideas,nuclear war
70,android phone,identity politics,think 's,game (,feel like,united states,downvotes comments,let 's
71,2 years,civil war,n't see,great game,https //www.youtube.com/watch,pretty much,hate speech,nk 's
72,phone 's,n't really,free speech,card game,) [,n't like,personal insults,think 's
73,would like,n't make,gt 's,worker placement,'s going,n't see,) [,| [
74,n't use,black people,people 's,want play,[ [,) [,please see,/message/compose/ to=/r/worldnews
75,'m sure,white people,n't make,looks like,seems like,free trade,comments section,'s like
76,n't get,n't care,'' ``,play game,could n't,https //www.youtube.com/watch,see comments,'' )
77,google 's,n't see,let 's,games n't,] ],gt gt,please report,years ago
78,pretty much,n't mean,gt n't,first time,team 's,\ gt,[ civil,'m sure
79,n't want,united states,n't like,'m sure,regular season,'m sure,post ],contact moderators
80,n't really,'' ``,'m sure,n't get,'s like,gon na,civil discussion,to=/r/worldnews )
81,n't think,white supremacists,means production,n't like,years ago,n't get,please [,china 's
82,apple 's,people n't,property rights,think 's,n't really,people n't,subreddit ],n't even
83,n't even,let 's,n't get,n't played,n't want,'' ``,[ contact,united states
84,stock android,'m sure,( http,wo n't,'m sure,open borders,*i bot,north korean
85,iphone x,n't get,n't mean,would n't,n't even,n't even,action performed,) |
86,n't know,n't like,private property,n't really,n't see,n't want,questions concerns,n't think
87,would n't,( http,n't even,games like,n't get,single payer,moderators subreddit,n't know
88,pixel xl,think 's,people n't,n't know,n't know,n't really,bot action,n't want
89,pixel 2,n't want,n't know,n't think,think 's,[ ],performed automatically,) [
90,wireless charging,n't even,wo n't,game n't,gon na,wo n't,contact moderators,[ reddit
91,) [,trump 's,n't want,feel like,wo n't,think 's,automatically please,wo n't
92,wo n't,free speech,^| [,base game,( http,n't know,( /message/compose/,( https
93,note 8,n't know,) ^|,game 's,would n't,would n't,) questions,would n't
94,battery life,wo n't,n't think,'ve played,last season,n't think,trump 's,nuclear weapons
95,ca n't,( https,would n't,ca n't,n't think,hot take,to=/r/politics ),south korea
96,headphone jack,n't think,free market,board games,ca n't,( http,/message/compose/ to=/r/politics,ca n't
97,( https,would n't,( https,( https,last year,ca n't,ca n't,( http
98,( http,] (,ca n't,board game,( https,( https,( https,] (
99,] (,ca n't,] (,] (,] (,] (,] (,north korea
